post_id,platform,post_text,post_type,likes,shares,comments,date
1,LinkedIn,Live Session: Generative AI Governance Best Practices,webinar,1060,1394,91,2024-12-13
2,LinkedIn,Cloud-Native Digital Transformation Whitepaper,whitepaper,666,1338,478,2024-10-11
3,LinkedIn,Urgent: Zero-Day mitigation strategy for Azure,alert,3371,971,150,2024-05-20
4,LinkedIn,Urgent: DDoS mitigation strategy for Hybrid Clouds,alert,969,443,433,2024-09-07
5,Twitter,Live Session: SOC2 Compliance Best Practices,webinar,1315,463,180,2024-10-19
6,Facebook,Urgent: Zero-Day mitigation strategy for Hybrid Clouds,alert,71,262,364,2024-08-08
7,LinkedIn,New Release: v4.0 introduces multi-cloud cost analytics,product_update,1282,610,495,2024-07-08
8,LinkedIn,New Release: v3.2 introduces multi-cloud cost analytics,product_update,2006,289,465,2025-02-27
9,LinkedIn,Urgent: DDoS mitigation strategy for Azure,alert,1467,931,326,2025-02-23
10,LinkedIn,AI-Driven Digital Transformation Whitepaper,whitepaper,3088,266,407,2024-06-29
11,LinkedIn,Urgent: Zero-Day mitigation strategy for Hybrid Clouds,alert,2261,341,365,2025-02-18
12,LinkedIn,Live Session: SOC2 Compliance Best Practices,webinar,1563,191,463,2024-07-12
13,Facebook,Live Session: Generative AI Governance Best Practices,webinar,558,273,54,2025-03-09
14,LinkedIn,Cloud-Native Digital Transformation Whitepaper,whitepaper,2155,1685,407,2025-01-09
15,LinkedIn,Live Session: Generative AI Governance Best Practices,webinar,2813,1229,329,2024-12-02
16,Facebook,Case Study: Thompson-Baker achieved 83% fraud prevention,case_study,451,227,181,2024-12-06
17,LinkedIn,Live Session: Generative AI Governance Best Practices,webinar,1195,369,323,2024-12-28
18,Twitter,New Release: v4.0 introduces real-time threat detection,product_update,1375,209,232,2024-12-01
19,LinkedIn,Case Study: Dean-Marquez achieved 92% cost reduction,case_study,537,978,299,2024-04-23
20,Facebook,Case Study: Carter Inc achieved 84% API latency improvement,case_study,813,197,60,2024-04-29
21,LinkedIn,Cloud-Native Compliance Framework Whitepaper,whitepaper,4084,164,346,2024-12-06
22,LinkedIn,Urgent: DDoS mitigation strategy for Azure,alert,2227,747,82,2024-11-07
23,LinkedIn,New Release: v3.2 introduces multi-cloud cost analytics,product_update,591,1798,308,2024-06-27
24,Twitter,Case Study: Phillips and Sons achieved 67% fraud prevention,case_study,330,60,154,2024-08-20
25,LinkedIn,Urgent: DDoS mitigation strategy for Hybrid Clouds,alert,3304,1171,426,2025-03-18
26,LinkedIn,"Case Study: Flores, Oliver and King achieved 83% API latency improvement",case_study,1004,198,379,2024-10-11
27,LinkedIn,New Release: v4.0 introduces multi-cloud cost analytics,product_update,1770,1060,120,2024-12-16
28,Facebook,New Release: v3.2 introduces multi-cloud cost analytics,product_update,692,266,237,2024-09-09
29,Twitter,Live Session: Generative AI Governance Best Practices,webinar,970,302,226,2024-11-22
30,LinkedIn,Urgent: DDoS mitigation strategy for Hybrid Clouds,alert,1684,1814,250,2024-12-25
31,LinkedIn,Cloud-Native Digital Transformation Whitepaper,whitepaper,4391,1857,426,2024-08-22
32,LinkedIn,Case Study: Owens Group achieved 68% fraud prevention,case_study,1878,1294,55,2024-05-24
33,LinkedIn,Case Study: Beard-Barry achieved 61% cost reduction,case_study,1922,1366,303,2024-09-03
34,LinkedIn,Case Study: Chen Ltd achieved 45% fraud prevention,case_study,1797,1112,303,2025-03-26
35,LinkedIn,Cloud-Native Digital Transformation Whitepaper,whitepaper,3827,1463,465,2024-05-27
36,Twitter,AI-Driven Compliance Framework Whitepaper,whitepaper,1471,492,209,2024-09-12
37,LinkedIn,Live Session: Generative AI Governance Best Practices,webinar,1506,732,480,2024-10-31
38,LinkedIn,Case Study: Mcdowell Inc achieved 66% fraud prevention,case_study,909,1579,156,2024-07-29
39,Twitter,"Case Study: Logan, Brown and Phillips achieved 81% cost reduction",case_study,1348,326,191,2025-03-05
40,LinkedIn,New Release: v3.2 introduces real-time threat detection,product_update,3645,1795,491,2024-07-26
41,LinkedIn,Case Study: Sanchez PLC achieved 91% fraud prevention,case_study,2053,1620,287,2024-05-04
42,Twitter,Live Session: SOC2 Compliance Best Practices,webinar,1236,120,459,2024-05-02
43,LinkedIn,Case Study: Smith-Jenkins achieved 41% cost reduction,case_study,2360,101,239,2025-03-16
44,LinkedIn,Urgent: Zero-Day mitigation strategy for Hybrid Clouds,alert,3674,1761,72,2024-09-08
45,LinkedIn,Case Study: Marshall LLC achieved 94% cost reduction,case_study,1933,1539,343,2025-03-27
46,Facebook,Case Study: Mcdonald-Lewis achieved 56% cost reduction,case_study,233,132,274,2024-10-24
47,Twitter,Urgent: Zero-Day mitigation strategy for Hybrid Clouds,alert,983,117,489,2025-02-24
48,Twitter,"Case Study: Gonzalez, Lucero and Abbott achieved 48% API latency improvement",case_study,243,116,143,2024-04-16
49,LinkedIn,Urgent: DDoS mitigation strategy for Hybrid Clouds,alert,2711,1472,167,2024-10-05
50,Twitter,Live Session: Generative AI Governance Best Practices,webinar,502,365,166,2025-02-13
51,LinkedIn,Urgent: DDoS mitigation strategy for AWS,alert,1934,1943,436,2024-04-25
52,Facebook,AI-Driven Compliance Framework Whitepaper,whitepaper,600,138,495,2025-03-02
53,Facebook,New Release: v3.2 introduces multi-cloud cost analytics,product_update,995,160,497,2024-12-02
54,Twitter,AI-Driven Digital Transformation Whitepaper,whitepaper,362,271,365,2025-02-19
55,LinkedIn,New Release: v3.2 introduces real-time threat detection,product_update,3843,980,404,2024-09-06
56,Twitter,Case Study: Watson-Stephens achieved 71% API latency improvement,case_study,552,56,28,2025-03-02
57,LinkedIn,AI-Driven Digital Transformation Whitepaper,whitepaper,1882,915,150,2024-05-21
58,Facebook,Case Study: Ryan Inc achieved 72% API latency improvement,case_study,103,129,427,2024-11-01
59,LinkedIn,AI-Driven Compliance Framework Whitepaper,whitepaper,1848,1543,123,2025-01-26
60,Twitter,"Case Study: Hill, Swanson and Watkins achieved 64% cost reduction",case_study,1350,131,118,2024-12-24
61,LinkedIn,Urgent: DDoS mitigation strategy for Hybrid Clouds,alert,3161,977,213,2024-05-21
62,Twitter,Case Study: Fuller PLC achieved 75% cost reduction,case_study,1056,188,180,2025-01-07
63,LinkedIn,Urgent: Zero-Day mitigation strategy for Hybrid Clouds,alert,4693,1400,423,2024-09-12
64,Twitter,Live Session: Generative AI Governance Best Practices,webinar,1258,214,147,2024-05-29
65,LinkedIn,Case Study: Williams-Cox achieved 90% cost reduction,case_study,4755,1054,489,2024-05-09
66,Twitter,AI-Driven Compliance Framework Whitepaper,whitepaper,849,177,249,2025-03-29
67,Twitter,Cloud-Native Digital Transformation Whitepaper,whitepaper,537,283,46,2024-05-29
68,LinkedIn,Urgent: DDoS mitigation strategy for Azure,alert,1159,1604,336,2025-01-17
69,Twitter,Cloud-Native Digital Transformation Whitepaper,whitepaper,646,211,36,2024-04-22
70,LinkedIn,Case Study: Lee Group achieved 85% API latency improvement,case_study,2405,576,392,2024-05-04
71,LinkedIn,AI-Driven Digital Transformation Whitepaper,whitepaper,1260,379,321,2024-07-02
72,LinkedIn,Cloud-Native Digital Transformation Whitepaper,whitepaper,3370,799,135,2025-02-18
73,LinkedIn,Case Study: Mills Ltd achieved 62% cost reduction,case_study,1180,1027,180,2025-01-25
74,Twitter,Urgent: Zero-Day mitigation strategy for AWS,alert,227,37,242,2024-12-17
75,LinkedIn,AI-Driven Compliance Framework Whitepaper,whitepaper,2095,785,133,2025-01-15
76,Twitter,Live Session: Generative AI Governance Best Practices,webinar,953,170,146,2025-01-24
77,LinkedIn,New Release: v3.2 introduces multi-cloud cost analytics,product_update,1609,884,436,2024-05-24
78,Twitter,Urgent: Zero-Day mitigation strategy for AWS,alert,345,195,496,2025-04-10
79,LinkedIn,Case Study: Ray-Hayes achieved 89% fraud prevention,case_study,737,1990,428,2024-06-07
80,Facebook,Cloud-Native Compliance Framework Whitepaper,whitepaper,877,45,39,2024-06-06
81,Twitter,"Case Study: Davis, Mccoy and Diaz achieved 53% fraud prevention",case_study,611,419,479,2025-03-10
82,Twitter,New Release: v4.0 introduces real-time threat detection,product_update,1266,111,341,2025-02-24
83,Twitter,Case Study: Cortez Ltd achieved 64% API latency improvement,case_study,953,70,205,2024-11-10
84,LinkedIn,"Case Study: Gordon, Hill and Williams achieved 61% cost reduction",case_study,1348,249,324,2024-05-02
85,LinkedIn,"Case Study: Smith, Smith and Williams achieved 82% fraud prevention",case_study,4054,1177,463,2024-09-26
86,LinkedIn,New Release: v4.0 introduces real-time threat detection,product_update,3324,1695,127,2025-02-05
87,LinkedIn,AI-Driven Digital Transformation Whitepaper,whitepaper,1076,1091,369,2024-07-03
88,LinkedIn,Urgent: DDoS mitigation strategy for Azure,alert,4564,469,177,2024-12-10
89,LinkedIn,Cloud-Native Digital Transformation Whitepaper,whitepaper,319,930,111,2025-02-23
90,LinkedIn,Live Session: SOC2 Compliance Best Practices,webinar,1569,840,136,2024-09-10
91,Twitter,Urgent: DDoS mitigation strategy for AWS,alert,1250,412,148,2024-04-23
92,LinkedIn,Cloud-Native Digital Transformation Whitepaper,whitepaper,712,1874,115,2025-02-06
93,LinkedIn,Cloud-Native Compliance Framework Whitepaper,whitepaper,759,1724,256,2025-03-10
94,Twitter,Live Session: Generative AI Governance Best Practices,webinar,1395,208,211,2024-06-30
95,Facebook,Cloud-Native Compliance Framework Whitepaper,whitepaper,839,256,95,2024-11-04
96,LinkedIn,Cloud-Native Compliance Framework Whitepaper,whitepaper,3706,1096,204,2024-08-09
97,Twitter,New Release: v4.0 introduces real-time threat detection,product_update,1343,88,113,2024-08-25
98,LinkedIn,Live Session: Generative AI Governance Best Practices,webinar,3259,552,419,2025-03-15
99,LinkedIn,New Release: v3.2 introduces real-time threat detection,product_update,2679,440,119,2025-02-13
100,Twitter,Case Study: Perez-Carter achieved 49% cost reduction,case_study,456,42,265,2024-05-30
101,Twitter,AI-Driven Compliance Framework Whitepaper,whitepaper,901,199,413,2024-08-07
102,LinkedIn,Cloud-Native Digital Transformation Whitepaper,whitepaper,2689,1731,344,2024-08-28
103,Facebook,AI-Driven Digital Transformation Whitepaper,whitepaper,65,289,266,2025-04-04
104,Twitter,New Release: v3.2 introduces multi-cloud cost analytics,product_update,995,179,359,2024-07-19
105,LinkedIn,Live Session: SOC2 Compliance Best Practices,webinar,3946,479,436,2025-03-29
106,Facebook,Case Study: Williams-Alvarado achieved 51% API latency improvement,case_study,476,110,342,2024-08-24
107,LinkedIn,Live Session: SOC2 Compliance Best Practices,webinar,4113,1166,304,2024-07-10
108,Twitter,AI-Driven Digital Transformation Whitepaper,whitepaper,1425,405,261,2025-02-19
109,LinkedIn,"Case Study: Cooper, Morales and Garner achieved 47% fraud prevention",case_study,3096,189,112,2024-09-16
110,Facebook,New Release: v3.2 introduces real-time threat detection,product_update,651,124,410,2024-05-11
111,LinkedIn,Urgent: Zero-Day mitigation strategy for AWS,alert,1716,1198,395,2024-11-04
112,Facebook,"Case Study: Allen, Simmons and Carter achieved 75% cost reduction",case_study,326,258,413,2024-12-13
113,Twitter,New Release: v3.2 introduces multi-cloud cost analytics,product_update,1019,211,196,2024-10-16
114,LinkedIn,New Release: v4.0 introduces real-time threat detection,product_update,1771,1077,115,2024-06-02
115,LinkedIn,"Case Study: Jensen, Hall and Bell achieved 88% API latency improvement",case_study,4332,1903,202,2025-01-30
116,LinkedIn,Urgent: Zero-Day mitigation strategy for Hybrid Clouds,alert,3114,972,292,2024-04-28
117,Twitter,AI-Driven Digital Transformation Whitepaper,whitepaper,695,387,361,2024-06-03
118,Twitter,Case Study: Mcfarland LLC achieved 75% API latency improvement,case_study,1142,196,415,2025-03-04
119,Facebook,"Case Study: Rios, Hernandez and Edwards achieved 48% fraud prevention",case_study,964,85,474,2024-12-02
120,Twitter,Case Study: Anderson-West achieved 91% cost reduction,case_study,834,403,358,2025-03-11
121,Twitter,AI-Driven Digital Transformation Whitepaper,whitepaper,984,88,415,2024-10-03
122,LinkedIn,Live Session: SOC2 Compliance Best Practices,webinar,3138,1592,72,2024-08-31
123,LinkedIn,AI-Driven Compliance Framework Whitepaper,whitepaper,2816,1162,200,2025-01-14
124,LinkedIn,Case Study: Carpenter-Walker achieved 70% fraud prevention,case_study,3182,497,141,2024-06-14
125,LinkedIn,Case Study: Bauer-Young achieved 50% fraud prevention,case_study,932,334,165,2024-11-28
126,LinkedIn,Cloud-Native Compliance Framework Whitepaper,whitepaper,1153,591,272,2024-11-23
127,LinkedIn,Cloud-Native Compliance Framework Whitepaper,whitepaper,1391,269,453,2024-07-30
128,Twitter,AI-Driven Compliance Framework Whitepaper,whitepaper,1317,24,184,2024-11-17
129,Facebook,Urgent: Zero-Day mitigation strategy for AWS,alert,697,154,236,2024-10-19
130,Twitter,AI-Driven Digital Transformation Whitepaper,whitepaper,1193,271,294,2024-07-16
131,Facebook,Urgent: Zero-Day mitigation strategy for Azure,alert,231,176,221,2025-03-12
132,Twitter,Cloud-Native Digital Transformation Whitepaper,whitepaper,138,145,192,2024-06-14
133,LinkedIn,Case Study: Leblanc Ltd achieved 59% fraud prevention,case_study,1443,1761,495,2025-01-13
134,Facebook,Urgent: Zero-Day mitigation strategy for Hybrid Clouds,alert,944,10,480,2024-09-10
135,Twitter,Case Study: Miller Group achieved 88% API latency improvement,case_study,604,210,428,2025-02-21
136,Twitter,Live Session: SOC2 Compliance Best Practices,webinar,1033,136,77,2025-03-23
137,LinkedIn,Case Study: Moreno-Cisneros achieved 60% API latency improvement,case_study,2052,914,99,2024-10-04
138,Twitter,Case Study: Ellis LLC achieved 76% cost reduction,case_study,302,271,183,2025-02-03
139,LinkedIn,AI-Driven Digital Transformation Whitepaper,whitepaper,3712,1525,252,2025-03-05
140,Twitter,AI-Driven Digital Transformation Whitepaper,whitepaper,1266,434,392,2025-02-05
141,LinkedIn,Urgent: Zero-Day mitigation strategy for AWS,alert,3530,755,460,2024-08-18
142,Facebook,Cloud-Native Digital Transformation Whitepaper,whitepaper,379,233,475,2025-03-29
143,Twitter,New Release: v4.0 introduces real-time threat detection,product_update,767,392,141,2024-11-17
144,Twitter,Case Study: Stewart Group achieved 89% API latency improvement,case_study,189,155,47,2024-10-08
145,LinkedIn,Urgent: DDoS mitigation strategy for AWS,alert,4336,839,466,2025-01-04
146,LinkedIn,Case Study: Olson LLC achieved 87% cost reduction,case_study,2708,831,432,2025-01-08
147,Twitter,Cloud-Native Compliance Framework Whitepaper,whitepaper,1376,409,390,2024-09-08
148,Twitter,Case Study: Sanchez-Clark achieved 69% API latency improvement,case_study,549,29,261,2024-08-22
149,Twitter,Urgent: DDoS mitigation strategy for Hybrid Clouds,alert,1128,138,393,2024-10-06
150,LinkedIn,Cloud-Native Digital Transformation Whitepaper,whitepaper,423,1362,286,2024-05-30
151,Twitter,Urgent: DDoS mitigation strategy for AWS,alert,162,236,334,2024-05-04
152,Twitter,Case Study: Gilbert-Tucker achieved 40% cost reduction,case_study,204,118,424,2025-01-07
153,Facebook,Urgent: DDoS mitigation strategy for AWS,alert,567,206,152,2024-08-04
154,Twitter,Case Study: Thompson Ltd achieved 76% cost reduction,case_study,1146,72,221,2024-05-02
155,Facebook,AI-Driven Digital Transformation Whitepaper,whitepaper,194,94,476,2024-06-27
156,Twitter,AI-Driven Compliance Framework Whitepaper,whitepaper,150,192,279,2024-06-17
157,Facebook,Live Session: Generative AI Governance Best Practices,webinar,930,297,367,2024-09-14
158,LinkedIn,AI-Driven Digital Transformation Whitepaper,whitepaper,1774,253,457,2024-06-27
159,LinkedIn,Case Study: Richards LLC achieved 51% cost reduction,case_study,4162,1429,468,2024-12-29
160,LinkedIn,Case Study: Vaughan-Shelton achieved 69% API latency improvement,case_study,588,1089,270,2024-08-17
161,Twitter,Live Session: Generative AI Governance Best Practices,webinar,723,274,426,2024-12-27
162,LinkedIn,Case Study: Beck-Garcia achieved 50% fraud prevention,case_study,4181,677,454,2025-03-09
163,LinkedIn,Live Session: SOC2 Compliance Best Practices,webinar,1529,197,305,2024-05-16
164,Twitter,Urgent: DDoS mitigation strategy for Azure,alert,534,466,327,2025-03-04
165,LinkedIn,"Case Study: Smith, Thomas and Martinez achieved 69% cost reduction",case_study,1558,1119,266,2024-06-25
166,LinkedIn,AI-Driven Digital Transformation Whitepaper,whitepaper,2328,232,407,2024-09-05
167,LinkedIn,"Case Study: Campbell, Brooks and Black achieved 56% cost reduction",case_study,3672,1453,359,2024-12-22
168,Facebook,Cloud-Native Digital Transformation Whitepaper,whitepaper,595,271,469,2024-12-13
169,LinkedIn,Cloud-Native Compliance Framework Whitepaper,whitepaper,4018,142,478,2024-07-15
170,Twitter,Cloud-Native Digital Transformation Whitepaper,whitepaper,860,170,355,2024-09-14
171,LinkedIn,New Release: v4.0 introduces real-time threat detection,product_update,3645,1643,379,2025-02-11
172,Twitter,Case Study: Davis Inc achieved 71% fraud prevention,case_study,380,214,214,2024-05-24
173,LinkedIn,Cloud-Native Digital Transformation Whitepaper,whitepaper,871,160,422,2024-06-01
174,Twitter,AI-Driven Compliance Framework Whitepaper,whitepaper,703,189,424,2024-12-10
175,Twitter,AI-Driven Compliance Framework Whitepaper,whitepaper,744,252,365,2024-08-11
176,LinkedIn,AI-Driven Digital Transformation Whitepaper,whitepaper,2168,1201,320,2025-04-07
177,Facebook,AI-Driven Compliance Framework Whitepaper,whitepaper,843,258,140,2025-01-15
178,LinkedIn,Case Study: Garcia-Hardin achieved 87% fraud prevention,case_study,4402,930,80,2024-09-10
179,Twitter,Cloud-Native Digital Transformation Whitepaper,whitepaper,903,276,132,2024-04-22
180,Twitter,Case Study: Kennedy and Sons achieved 61% cost reduction,case_study,818,322,33,2025-02-20
181,Facebook,Cloud-Native Digital Transformation Whitepaper,whitepaper,127,225,384,2025-03-25
182,LinkedIn,Cloud-Native Compliance Framework Whitepaper,whitepaper,1846,1018,382,2024-08-16
183,LinkedIn,New Release: v3.2 introduces multi-cloud cost analytics,product_update,3545,1629,246,2024-10-19
184,Twitter,AI-Driven Compliance Framework Whitepaper,whitepaper,1315,492,47,2025-03-28
185,LinkedIn,Cloud-Native Digital Transformation Whitepaper,whitepaper,2176,1396,105,2024-05-02
186,Facebook,Cloud-Native Digital Transformation Whitepaper,whitepaper,861,34,32,2025-04-02
187,LinkedIn,AI-Driven Compliance Framework Whitepaper,whitepaper,1803,1517,252,2024-10-18
188,LinkedIn,Cloud-Native Compliance Framework Whitepaper,whitepaper,2358,327,489,2024-11-11
189,LinkedIn,Cloud-Native Compliance Framework Whitepaper,whitepaper,4207,1492,102,2024-09-03
190,LinkedIn,Live Session: SOC2 Compliance Best Practices,webinar,2860,1641,301,2024-06-11
191,Twitter,Case Study: Martinez-Anderson achieved 45% cost reduction,case_study,414,384,248,2025-01-14
192,Twitter,Urgent: DDoS mitigation strategy for Azure,alert,761,296,89,2024-05-31
193,LinkedIn,Cloud-Native Compliance Framework Whitepaper,whitepaper,3621,942,114,2024-04-25
194,LinkedIn,Urgent: DDoS mitigation strategy for AWS,alert,1360,858,262,2024-07-02
195,LinkedIn,Cloud-Native Compliance Framework Whitepaper,whitepaper,4524,647,242,2024-12-21
196,LinkedIn,Urgent: DDoS mitigation strategy for Azure,alert,667,1855,23,2024-05-30
197,Twitter,Cloud-Native Digital Transformation Whitepaper,whitepaper,217,388,454,2024-09-02
198,LinkedIn,Live Session: Generative AI Governance Best Practices,webinar,4489,946,411,2024-07-25
199,LinkedIn,Live Session: SOC2 Compliance Best Practices,webinar,1341,935,231,2025-01-23
200,LinkedIn,AI-Driven Compliance Framework Whitepaper,whitepaper,4408,239,20,2024-09-16
201,LinkedIn,Cloud-Native Compliance Framework Whitepaper,whitepaper,4615,1673,401,2025-03-21
202,LinkedIn,Urgent: DDoS mitigation strategy for Azure,alert,2226,358,409,2024-09-29
203,LinkedIn,AI-Driven Digital Transformation Whitepaper,whitepaper,460,1773,405,2024-07-20
204,LinkedIn,"Case Study: Mason, Peters and Bell achieved 40% API latency improvement",case_study,3913,1719,338,2024-10-17
205,LinkedIn,Urgent: DDoS mitigation strategy for Azure,alert,3032,876,418,2024-11-15
206,Facebook,Cloud-Native Digital Transformation Whitepaper,whitepaper,468,103,324,2024-09-13
207,LinkedIn,Urgent: DDoS mitigation strategy for AWS,alert,4227,335,353,2024-05-20
208,Twitter,Live Session: SOC2 Compliance Best Practices,webinar,1260,437,54,2025-01-24
209,LinkedIn,Urgent: Zero-Day mitigation strategy for Azure,alert,3591,1017,347,2024-10-28
210,Twitter,Urgent: Zero-Day mitigation strategy for Azure,alert,1352,289,310,2025-01-31
211,LinkedIn,Case Study: Woodard Inc achieved 53% API latency improvement,case_study,3098,1502,429,2024-11-12
212,LinkedIn,Cloud-Native Compliance Framework Whitepaper,whitepaper,800,1872,108,2025-03-30
213,Facebook,Urgent: DDoS mitigation strategy for AWS,alert,889,113,307,2024-10-16
214,LinkedIn,AI-Driven Digital Transformation Whitepaper,whitepaper,4870,242,172,2024-09-27
215,LinkedIn,"Case Study: Sims, Patterson and Shields achieved 41% API latency improvement",case_study,3254,602,481,2025-03-12
216,Twitter,AI-Driven Compliance Framework Whitepaper,whitepaper,203,454,454,2024-08-02
217,LinkedIn,AI-Driven Digital Transformation Whitepaper,whitepaper,2826,490,475,2024-06-28
218,LinkedIn,Live Session: SOC2 Compliance Best Practices,webinar,2235,577,430,2024-12-04
219,Facebook,Case Study: Davis-Robinson achieved 76% fraud prevention,case_study,599,106,430,2024-05-09
220,Facebook,Urgent: DDoS mitigation strategy for Hybrid Clouds,alert,303,205,341,2024-09-26
221,LinkedIn,AI-Driven Digital Transformation Whitepaper,whitepaper,2065,964,313,2025-02-27
222,Twitter,"Case Study: Little, King and Parsons achieved 84% fraud prevention",case_study,914,247,235,2024-08-30
223,Facebook,Case Study: Bell Group achieved 47% API latency improvement,case_study,64,166,280,2024-12-11
224,LinkedIn,AI-Driven Digital Transformation Whitepaper,whitepaper,2571,943,149,2025-01-12
225,Facebook,Cloud-Native Digital Transformation Whitepaper,whitepaper,676,252,311,2024-05-13
226,Twitter,Urgent: Zero-Day mitigation strategy for Hybrid Clouds,alert,1406,88,30,2024-07-16
227,Twitter,Urgent: DDoS mitigation strategy for Hybrid Clouds,alert,971,57,219,2024-08-06
228,LinkedIn,Urgent: DDoS mitigation strategy for AWS,alert,545,401,415,2025-01-02
229,LinkedIn,AI-Driven Digital Transformation Whitepaper,whitepaper,3205,1333,130,2024-12-03
230,LinkedIn,Urgent: Zero-Day mitigation strategy for AWS,alert,2930,1583,375,2024-09-07
231,Facebook,Urgent: DDoS mitigation strategy for AWS,alert,182,136,111,2024-04-15
232,Twitter,Live Session: SOC2 Compliance Best Practices,webinar,1113,70,481,2024-10-31
233,Twitter,Urgent: Zero-Day mitigation strategy for Hybrid Clouds,alert,878,426,321,2025-03-31
234,LinkedIn,Live Session: SOC2 Compliance Best Practices,webinar,3617,1745,201,2025-03-18
235,Facebook,Urgent: DDoS mitigation strategy for AWS,alert,50,64,443,2025-02-07
236,Twitter,Cloud-Native Digital Transformation Whitepaper,whitepaper,1068,328,221,2024-10-12
237,Facebook,Urgent: DDoS mitigation strategy for Hybrid Clouds,alert,166,163,310,2024-09-27
238,LinkedIn,Case Study: Powell PLC achieved 50% API latency improvement,case_study,736,1725,313,2025-02-05
239,Twitter,Live Session: SOC2 Compliance Best Practices,webinar,1333,494,366,2024-09-20
240,LinkedIn,Cloud-Native Compliance Framework Whitepaper,whitepaper,1154,975,201,2024-11-28
241,LinkedIn,Cloud-Native Compliance Framework Whitepaper,whitepaper,2190,1303,363,2024-10-08
242,LinkedIn,"Case Study: Miller, Thornton and Hanson achieved 82% cost reduction",case_study,4580,162,169,2024-10-23
243,LinkedIn,Case Study: Wright-Humphrey achieved 56% API latency improvement,case_study,3320,1066,103,2025-03-21
244,Twitter,Case Study: Wyatt Inc achieved 61% API latency improvement,case_study,247,137,495,2025-03-07
245,LinkedIn,"Case Study: Rogers, Andersen and Kemp achieved 71% fraud prevention",case_study,4622,1892,160,2024-12-18
246,Facebook,Case Study: Harvey-Phillips achieved 71% API latency improvement,case_study,484,220,177,2024-08-17
247,Twitter,Urgent: DDoS mitigation strategy for AWS,alert,528,496,163,2024-07-14
248,Facebook,Cloud-Native Compliance Framework Whitepaper,whitepaper,67,266,390,2025-01-10
249,LinkedIn,New Release: v4.0 introduces real-time threat detection,product_update,4489,601,132,2024-04-30
250,LinkedIn,Case Study: Bender Inc achieved 43% API latency improvement,case_study,1146,930,404,2024-12-22
251,Twitter,Live Session: SOC2 Compliance Best Practices,webinar,154,378,307,2024-10-15
252,Twitter,New Release: v3.2 introduces multi-cloud cost analytics,product_update,261,399,106,2025-02-03
253,LinkedIn,New Release: v3.2 introduces real-time threat detection,product_update,2023,1301,368,2024-11-23
254,LinkedIn,Urgent: Zero-Day mitigation strategy for AWS,alert,4608,858,491,2025-03-09
255,Facebook,Live Session: SOC2 Compliance Best Practices,webinar,816,63,248,2024-11-13
256,LinkedIn,Cloud-Native Digital Transformation Whitepaper,whitepaper,3875,1106,437,2025-02-24
257,Twitter,Cloud-Native Compliance Framework Whitepaper,whitepaper,1211,97,139,2024-11-07
258,Twitter,New Release: v3.2 introduces multi-cloud cost analytics,product_update,551,184,488,2024-07-14
259,Twitter,"Case Study: Castro, Barrera and Monroe achieved 57% cost reduction",case_study,922,451,26,2024-06-03
260,Twitter,Case Study: Stevens Inc achieved 58% cost reduction,case_study,250,104,131,2024-10-21
261,Twitter,Live Session: SOC2 Compliance Best Practices,webinar,1408,207,21,2024-05-03
262,Twitter,Urgent: Zero-Day mitigation strategy for Hybrid Clouds,alert,808,423,253,2024-07-06
263,Twitter,Case Study: Mendoza-Short achieved 51% fraud prevention,case_study,570,138,39,2025-01-09
264,Twitter,Urgent: Zero-Day mitigation strategy for Azure,alert,1033,275,412,2024-04-27
265,LinkedIn,AI-Driven Digital Transformation Whitepaper,whitepaper,3777,953,299,2024-11-30
266,LinkedIn,Case Study: Walters PLC achieved 85% cost reduction,case_study,2879,158,234,2024-06-14
267,LinkedIn,Case Study: Farrell-Moore achieved 56% API latency improvement,case_study,2968,1238,33,2024-08-20
268,LinkedIn,AI-Driven Compliance Framework Whitepaper,whitepaper,4233,336,378,2024-08-19
269,LinkedIn,Case Study: Anderson Ltd achieved 85% API latency improvement,case_study,1501,1358,23,2025-04-08
270,LinkedIn,Live Session: SOC2 Compliance Best Practices,webinar,2276,1232,234,2024-07-24
271,Twitter,Cloud-Native Digital Transformation Whitepaper,whitepaper,937,165,61,2024-09-28
272,Twitter,AI-Driven Digital Transformation Whitepaper,whitepaper,1033,53,184,2024-10-05
273,LinkedIn,New Release: v3.2 introduces real-time threat detection,product_update,4883,1722,381,2025-01-26
274,Twitter,New Release: v3.2 introduces real-time threat detection,product_update,126,332,153,2024-06-20
275,LinkedIn,"Case Study: Smith, Bradford and Edwards achieved 84% cost reduction",case_study,809,367,328,2024-08-31
276,Facebook,Live Session: Generative AI Governance Best Practices,webinar,734,199,83,2024-09-03
277,LinkedIn,Urgent: Zero-Day mitigation strategy for Hybrid Clouds,alert,1586,1828,200,2024-08-05
278,Twitter,Urgent: DDoS mitigation strategy for Hybrid Clouds,alert,893,48,286,2025-04-13
279,Twitter,Cloud-Native Compliance Framework Whitepaper,whitepaper,775,132,251,2024-05-05
280,LinkedIn,Urgent: Zero-Day mitigation strategy for AWS,alert,4393,154,171,2024-11-25
281,LinkedIn,Live Session: Generative AI Governance Best Practices,webinar,1985,1671,167,2024-11-18
282,Facebook,Case Study: Richards-Murphy achieved 65% cost reduction,case_study,293,210,469,2025-02-10
283,LinkedIn,"Case Study: Petersen, Marquez and Snyder achieved 40% API latency improvement",case_study,2543,1140,236,2025-03-16
284,LinkedIn,Live Session: SOC2 Compliance Best Practices,webinar,1839,141,58,2024-09-11
285,Twitter,Cloud-Native Digital Transformation Whitepaper,whitepaper,1352,127,454,2024-06-01
286,Facebook,AI-Driven Compliance Framework Whitepaper,whitepaper,915,21,120,2024-12-16
287,LinkedIn,Live Session: Generative AI Governance Best Practices,webinar,4290,916,349,2024-08-21
288,LinkedIn,Urgent: DDoS mitigation strategy for Hybrid Clouds,alert,4307,1441,235,2024-05-17
289,Twitter,Case Study: Miller-Archer achieved 62% API latency improvement,case_study,760,100,393,2024-09-16
290,Facebook,Case Study: Lee Group achieved 57% cost reduction,case_study,249,34,108,2024-09-17
291,Twitter,Cloud-Native Compliance Framework Whitepaper,whitepaper,588,384,66,2024-05-01
292,Twitter,"Case Study: Roberts, Mack and Bautista achieved 56% cost reduction",case_study,1139,218,426,2024-08-08
293,Twitter,New Release: v3.2 introduces real-time threat detection,product_update,1209,269,289,2024-05-23
294,Twitter,AI-Driven Compliance Framework Whitepaper,whitepaper,236,390,347,2024-10-21
295,Facebook,Urgent: Zero-Day mitigation strategy for Hybrid Clouds,alert,776,91,497,2024-09-16
296,Twitter,Live Session: Generative AI Governance Best Practices,webinar,1094,421,122,2024-04-22
297,Twitter,Cloud-Native Compliance Framework Whitepaper,whitepaper,1282,171,127,2024-11-21
298,LinkedIn,Urgent: DDoS mitigation strategy for AWS,alert,330,904,443,2024-04-22
299,Facebook,Case Study: Alvarez and Sons achieved 54% cost reduction,case_study,413,48,395,2024-06-27
300,Facebook,AI-Driven Digital Transformation Whitepaper,whitepaper,398,219,35,2025-02-24
301,Facebook,Live Session: Generative AI Governance Best Practices,webinar,157,236,53,2024-04-25
302,Facebook,Case Study: Williams PLC achieved 52% cost reduction,case_study,808,278,293,2025-04-03
303,Facebook,Cloud-Native Digital Transformation Whitepaper,whitepaper,788,48,48,2024-10-06
304,Facebook,New Release: v4.0 introduces multi-cloud cost analytics,product_update,526,254,204,2024-11-13
305,Twitter,Live Session: Generative AI Governance Best Practices,webinar,1362,396,433,2024-09-12
306,Facebook,Urgent: DDoS mitigation strategy for Azure,alert,389,74,196,2024-07-07
307,LinkedIn,Live Session: SOC2 Compliance Best Practices,webinar,1365,475,343,2024-11-16
308,LinkedIn,Live Session: SOC2 Compliance Best Practices,webinar,4588,1788,212,2024-08-05
309,Facebook,New Release: v4.0 introduces multi-cloud cost analytics,product_update,634,149,80,2025-04-11
310,Facebook,Live Session: SOC2 Compliance Best Practices,webinar,429,207,459,2024-09-06
311,Twitter,Urgent: DDoS mitigation strategy for Azure,alert,1467,30,245,2025-03-19
312,LinkedIn,Case Study: Cowan-Barnett achieved 84% cost reduction,case_study,1084,1366,385,2024-05-13
313,Twitter,AI-Driven Compliance Framework Whitepaper,whitepaper,325,332,444,2025-02-12
314,LinkedIn,Case Study: Giles-Chavez achieved 44% cost reduction,case_study,4045,1640,73,2024-09-14
315,LinkedIn,Case Study: Monroe and Sons achieved 74% API latency improvement,case_study,2936,1644,39,2025-04-03
316,Twitter,Case Study: Martin and Sons achieved 57% fraud prevention,case_study,518,197,81,2024-09-03
317,LinkedIn,Case Study: Foster Inc achieved 74% cost reduction,case_study,202,259,288,2024-09-29
318,LinkedIn,Live Session: Generative AI Governance Best Practices,webinar,2230,1212,87,2024-12-19
319,Twitter,Urgent: DDoS mitigation strategy for Azure,alert,1390,124,142,2024-08-22
320,Facebook,Cloud-Native Compliance Framework Whitepaper,whitepaper,698,204,245,2024-12-03
321,Twitter,"Case Study: Coleman, Miller and Flores achieved 79% fraud prevention",case_study,620,482,44,2024-08-03
322,Twitter,Live Session: Generative AI Governance Best Practices,webinar,1054,245,143,2024-11-05
323,Facebook,AI-Driven Digital Transformation Whitepaper,whitepaper,377,260,195,2024-05-08
324,LinkedIn,Live Session: Generative AI Governance Best Practices,webinar,4749,136,480,2024-07-21
325,Twitter,New Release: v4.0 introduces multi-cloud cost analytics,product_update,1072,100,59,2024-07-21
326,Twitter,Case Study: Williamson Ltd achieved 90% API latency improvement,case_study,417,368,205,2024-10-26
327,Twitter,Cloud-Native Digital Transformation Whitepaper,whitepaper,1163,373,366,2025-02-23
328,Facebook,Case Study: Craig Inc achieved 63% API latency improvement,case_study,338,271,166,2024-05-30
329,Twitter,Case Study: Smith-Ferguson achieved 87% API latency improvement,case_study,191,372,188,2024-04-27
330,Twitter,Urgent: Zero-Day mitigation strategy for AWS,alert,656,364,189,2025-03-15
331,Twitter,Case Study: Cohen PLC achieved 46% cost reduction,case_study,521,207,152,2025-02-23
332,LinkedIn,Cloud-Native Compliance Framework Whitepaper,whitepaper,1025,860,50,2024-11-24
333,LinkedIn,Live Session: SOC2 Compliance Best Practices,webinar,2919,462,177,2025-02-01
334,LinkedIn,Live Session: SOC2 Compliance Best Practices,webinar,2329,455,225,2024-07-29
335,LinkedIn,New Release: v3.2 introduces multi-cloud cost analytics,product_update,1747,394,243,2024-11-03
336,LinkedIn,Cloud-Native Compliance Framework Whitepaper,whitepaper,1890,1236,36,2024-05-14
337,Twitter,Case Study: Atkinson Inc achieved 63% cost reduction,case_study,965,207,384,2024-10-30
338,LinkedIn,New Release: v3.2 introduces real-time threat detection,product_update,2714,513,93,2024-07-27
339,LinkedIn,"Case Study: Sanchez, Howard and Flores achieved 54% fraud prevention",case_study,4102,1535,241,2024-10-20
340,LinkedIn,New Release: v3.2 introduces real-time threat detection,product_update,477,1319,371,2024-04-24
341,Facebook,Case Study: Russell and Sons achieved 56% fraud prevention,case_study,373,228,31,2024-07-22
342,Facebook,Live Session: SOC2 Compliance Best Practices,webinar,955,202,493,2024-12-20
343,LinkedIn,Case Study: Wright-Martin achieved 86% API latency improvement,case_study,2553,1393,304,2024-10-17
344,LinkedIn,Case Study: Chapman LLC achieved 91% fraud prevention,case_study,962,1350,400,2024-08-24
345,Facebook,Cloud-Native Digital Transformation Whitepaper,whitepaper,78,42,386,2024-04-18
346,LinkedIn,Live Session: Generative AI Governance Best Practices,webinar,3194,558,45,2024-07-10
347,Facebook,Live Session: SOC2 Compliance Best Practices,webinar,787,294,484,2024-07-07
348,LinkedIn,Live Session: Generative AI Governance Best Practices,webinar,238,1394,304,2024-06-25
349,LinkedIn,AI-Driven Digital Transformation Whitepaper,whitepaper,2023,1253,481,2025-04-09
350,LinkedIn,Cloud-Native Compliance Framework Whitepaper,whitepaper,3730,1662,356,2025-01-07
351,Twitter,Case Study: Anthony LLC achieved 86% cost reduction,case_study,1088,40,483,2025-03-05
352,Twitter,Live Session: Generative AI Governance Best Practices,webinar,183,281,460,2024-11-26
353,Facebook,Live Session: SOC2 Compliance Best Practices,webinar,556,266,34,2025-02-08
354,LinkedIn,Live Session: SOC2 Compliance Best Practices,webinar,2055,1108,299,2024-07-14
355,LinkedIn,Case Study: Obrien Inc achieved 47% fraud prevention,case_study,2455,1662,79,2024-09-16
356,Facebook,New Release: v4.0 introduces multi-cloud cost analytics,product_update,706,102,27,2025-01-19
357,LinkedIn,AI-Driven Compliance Framework Whitepaper,whitepaper,3833,298,368,2025-02-17
358,Facebook,Live Session: Generative AI Governance Best Practices,webinar,742,33,423,2024-12-23
359,LinkedIn,Cloud-Native Compliance Framework Whitepaper,whitepaper,3424,833,474,2025-02-28
360,Twitter,Live Session: SOC2 Compliance Best Practices,webinar,1359,359,28,2024-08-23
361,LinkedIn,Live Session: Generative AI Governance Best Practices,webinar,1216,1055,136,2025-01-02
362,Twitter,Urgent: Zero-Day mitigation strategy for AWS,alert,683,414,228,2024-05-01
363,LinkedIn,Urgent: Zero-Day mitigation strategy for AWS,alert,473,1443,385,2025-02-15
364,Facebook,AI-Driven Digital Transformation Whitepaper,whitepaper,215,41,320,2024-08-26
365,LinkedIn,Urgent: Zero-Day mitigation strategy for Azure,alert,2243,201,411,2024-10-17
366,Twitter,Case Study: Garcia-Villegas achieved 56% fraud prevention,case_study,1211,60,95,2025-02-26
367,Twitter,AI-Driven Digital Transformation Whitepaper,whitepaper,691,329,111,2024-07-14
368,LinkedIn,Case Study: Mccullough LLC achieved 71% fraud prevention,case_study,913,1035,261,2024-10-08
369,Twitter,Cloud-Native Digital Transformation Whitepaper,whitepaper,324,308,480,2025-04-07
370,Facebook,Live Session: SOC2 Compliance Best Practices,webinar,638,125,425,2025-02-01
371,LinkedIn,Case Study: West-Gray achieved 89% cost reduction,case_study,289,1809,162,2024-05-04
372,Facebook,Cloud-Native Compliance Framework Whitepaper,whitepaper,936,132,28,2024-07-30
373,Twitter,AI-Driven Compliance Framework Whitepaper,whitepaper,1482,242,60,2025-01-12
374,Twitter,Case Study: Ford-Montes achieved 89% cost reduction,case_study,1387,347,367,2024-09-03
375,Twitter,Cloud-Native Compliance Framework Whitepaper,whitepaper,1441,130,478,2024-08-29
376,LinkedIn,"Case Study: Murray, Brown and Young achieved 61% fraud prevention",case_study,1099,1513,429,2024-05-15
377,Twitter,Cloud-Native Digital Transformation Whitepaper,whitepaper,1250,316,33,2024-07-21
378,Facebook,New Release: v3.2 introduces multi-cloud cost analytics,product_update,61,96,416,2025-02-02
379,LinkedIn,Urgent: Zero-Day mitigation strategy for Azure,alert,1466,221,74,2024-08-03
380,LinkedIn,Urgent: Zero-Day mitigation strategy for AWS,alert,4980,1856,328,2025-02-10
381,LinkedIn,Urgent: DDoS mitigation strategy for Hybrid Clouds,alert,506,1935,473,2024-05-12
382,Facebook,Case Study: Miller-Porter achieved 71% API latency improvement,case_study,711,46,331,2024-05-19
383,Twitter,Cloud-Native Compliance Framework Whitepaper,whitepaper,1023,221,54,2025-02-04
384,Facebook,Cloud-Native Digital Transformation Whitepaper,whitepaper,999,216,410,2025-02-15
385,Twitter,Urgent: Zero-Day mitigation strategy for AWS,alert,961,232,461,2025-04-15
386,Facebook,Cloud-Native Compliance Framework Whitepaper,whitepaper,453,13,383,2024-06-05
387,Twitter,AI-Driven Digital Transformation Whitepaper,whitepaper,1055,171,196,2024-06-01
388,Facebook,Cloud-Native Digital Transformation Whitepaper,whitepaper,666,259,373,2024-08-13
389,LinkedIn,Cloud-Native Compliance Framework Whitepaper,whitepaper,2582,1541,281,2024-06-16
390,Twitter,Live Session: SOC2 Compliance Best Practices,webinar,854,390,144,2025-01-24
391,Twitter,AI-Driven Compliance Framework Whitepaper,whitepaper,1360,37,40,2025-01-31
392,Twitter,Case Study: Mcneil-Crawford achieved 47% API latency improvement,case_study,966,301,119,2024-07-06
393,LinkedIn,New Release: v3.2 introduces multi-cloud cost analytics,product_update,3569,1039,353,2024-11-25
394,LinkedIn,Urgent: Zero-Day mitigation strategy for Hybrid Clouds,alert,2540,936,60,2025-04-09
395,Twitter,Urgent: Zero-Day mitigation strategy for AWS,alert,480,130,250,2024-11-12
396,Facebook,AI-Driven Digital Transformation Whitepaper,whitepaper,179,240,164,2024-05-20
397,Twitter,Urgent: DDoS mitigation strategy for Azure,alert,127,85,248,2024-09-09
398,Twitter,Live Session: SOC2 Compliance Best Practices,webinar,559,459,320,2025-02-04
399,Facebook,Urgent: DDoS mitigation strategy for Azure,alert,336,19,137,2024-08-14
400,Twitter,Cloud-Native Digital Transformation Whitepaper,whitepaper,943,369,276,2025-01-15
401,LinkedIn,Urgent: Zero-Day mitigation strategy for Azure,alert,2560,675,487,2024-12-14
402,Twitter,Cloud-Native Compliance Framework Whitepaper,whitepaper,1230,440,223,2025-04-08
403,LinkedIn,Urgent: DDoS mitigation strategy for AWS,alert,3768,1755,331,2024-04-15
404,LinkedIn,Urgent: Zero-Day mitigation strategy for AWS,alert,1942,719,389,2024-05-03
405,Twitter,AI-Driven Compliance Framework Whitepaper,whitepaper,1068,312,301,2025-03-11
406,Twitter,AI-Driven Compliance Framework Whitepaper,whitepaper,218,54,264,2024-10-13
407,LinkedIn,Urgent: Zero-Day mitigation strategy for Azure,alert,1208,790,31,2024-07-03
408,Facebook,Urgent: DDoS mitigation strategy for Azure,alert,742,251,270,2025-02-21
409,Twitter,Cloud-Native Digital Transformation Whitepaper,whitepaper,316,325,204,2025-03-06
410,LinkedIn,Case Study: Love-Alvarez achieved 83% API latency improvement,case_study,3449,1018,313,2024-08-26
411,Twitter,Case Study: Greene-Foster achieved 84% fraud prevention,case_study,483,145,327,2024-12-11
412,Twitter,Live Session: Generative AI Governance Best Practices,webinar,845,399,27,2024-11-13
413,Facebook,Urgent: DDoS mitigation strategy for Azure,alert,178,273,371,2024-11-21
414,Twitter,Cloud-Native Digital Transformation Whitepaper,whitepaper,185,194,212,2024-11-09
415,Twitter,AI-Driven Compliance Framework Whitepaper,whitepaper,1341,446,433,2024-06-02
416,LinkedIn,New Release: v3.2 introduces multi-cloud cost analytics,product_update,3919,402,388,2025-01-04
417,LinkedIn,New Release: v4.0 introduces real-time threat detection,product_update,2063,444,471,2024-06-27
418,Twitter,AI-Driven Compliance Framework Whitepaper,whitepaper,1270,306,161,2024-08-14
419,LinkedIn,Urgent: DDoS mitigation strategy for AWS,alert,2608,1725,469,2024-12-27
420,Facebook,Case Study: Watson-Morales achieved 72% cost reduction,case_study,624,82,188,2025-03-30
421,LinkedIn,"Case Study: Roberts, Arroyo and Phelps achieved 52% fraud prevention",case_study,2832,1880,178,2024-05-19
422,Facebook,New Release: v3.2 introduces real-time threat detection,product_update,373,107,151,2024-10-14
423,LinkedIn,Cloud-Native Digital Transformation Whitepaper,whitepaper,3753,1717,298,2024-08-05
424,Twitter,Urgent: Zero-Day mitigation strategy for Hybrid Clouds,alert,1454,148,329,2024-06-20
425,Facebook,AI-Driven Compliance Framework Whitepaper,whitepaper,774,152,95,2025-01-24
426,LinkedIn,Cloud-Native Digital Transformation Whitepaper,whitepaper,1116,927,492,2024-06-01
427,Facebook,Urgent: Zero-Day mitigation strategy for Hybrid Clouds,alert,785,111,286,2024-12-19
428,Twitter,New Release: v3.2 introduces multi-cloud cost analytics,product_update,1073,349,449,2024-08-22
429,Twitter,Cloud-Native Digital Transformation Whitepaper,whitepaper,184,301,323,2024-08-15
430,Facebook,New Release: v4.0 introduces multi-cloud cost analytics,product_update,973,126,173,2024-08-12
431,LinkedIn,Cloud-Native Digital Transformation Whitepaper,whitepaper,4599,1416,319,2024-04-19
432,LinkedIn,"Case Study: Baker, Williams and Hodges achieved 62% cost reduction",case_study,242,1043,345,2024-06-29
433,Twitter,New Release: v4.0 introduces multi-cloud cost analytics,product_update,463,398,40,2024-08-22
434,Facebook,AI-Driven Compliance Framework Whitepaper,whitepaper,385,126,300,2025-01-31
435,Twitter,Case Study: Smith and Sons achieved 43% fraud prevention,case_study,150,290,296,2024-07-21
436,LinkedIn,New Release: v4.0 introduces real-time threat detection,product_update,1163,1107,71,2024-07-29
437,Facebook,Cloud-Native Digital Transformation Whitepaper,whitepaper,718,248,310,2024-05-15
438,LinkedIn,Cloud-Native Digital Transformation Whitepaper,whitepaper,305,1543,165,2024-06-19
439,LinkedIn,Live Session: SOC2 Compliance Best Practices,webinar,2836,743,364,2025-01-07
440,Twitter,New Release: v3.2 introduces multi-cloud cost analytics,product_update,1386,370,93,2024-04-25
441,LinkedIn,Live Session: SOC2 Compliance Best Practices,webinar,3854,1058,445,2025-01-26
442,Facebook,Urgent: DDoS mitigation strategy for Azure,alert,85,93,393,2025-02-27
443,Twitter,Urgent: Zero-Day mitigation strategy for Hybrid Clouds,alert,1295,395,381,2025-03-10
444,LinkedIn,Live Session: Generative AI Governance Best Practices,webinar,1500,825,412,2024-11-26
445,LinkedIn,AI-Driven Digital Transformation Whitepaper,whitepaper,209,1083,91,2024-11-26
446,LinkedIn,Case Study: Mcdonald-Scott achieved 66% API latency improvement,case_study,1272,1277,312,2024-09-09
447,LinkedIn,AI-Driven Digital Transformation Whitepaper,whitepaper,3883,1183,221,2025-04-05
448,Twitter,Cloud-Native Digital Transformation Whitepaper,whitepaper,1014,183,458,2024-06-18
449,LinkedIn,Cloud-Native Compliance Framework Whitepaper,whitepaper,1784,582,245,2024-04-25
450,LinkedIn,Cloud-Native Compliance Framework Whitepaper,whitepaper,861,1555,162,2024-10-28
451,Facebook,New Release: v4.0 introduces real-time threat detection,product_update,504,169,157,2024-08-03
452,Facebook,AI-Driven Compliance Framework Whitepaper,whitepaper,126,263,277,2024-09-14
453,Twitter,Urgent: Zero-Day mitigation strategy for AWS,alert,362,104,342,2024-08-11
454,LinkedIn,Urgent: Zero-Day mitigation strategy for AWS,alert,4208,1876,299,2024-10-20
455,LinkedIn,Urgent: Zero-Day mitigation strategy for AWS,alert,3802,1703,121,2025-01-01
456,LinkedIn,Urgent: Zero-Day mitigation strategy for AWS,alert,1390,720,55,2024-07-07
457,LinkedIn,"Case Study: Cortez, Colon and Cole achieved 42% API latency improvement",case_study,4648,1799,92,2024-07-16
458,LinkedIn,Urgent: DDoS mitigation strategy for Azure,alert,2114,1193,215,2024-07-27
459,Twitter,Cloud-Native Digital Transformation Whitepaper,whitepaper,927,149,447,2024-09-19
460,LinkedIn,"Case Study: Holden, Jones and Fletcher achieved 47% fraud prevention",case_study,3023,1353,69,2024-09-21
461,LinkedIn,Urgent: Zero-Day mitigation strategy for AWS,alert,2628,157,361,2025-02-07
462,Twitter,AI-Driven Digital Transformation Whitepaper,whitepaper,826,191,121,2024-05-16
463,LinkedIn,Urgent: Zero-Day mitigation strategy for Azure,alert,2601,1594,135,2024-12-16
464,Twitter,AI-Driven Compliance Framework Whitepaper,whitepaper,552,352,306,2024-06-06
465,Twitter,Urgent: Zero-Day mitigation strategy for AWS,alert,307,125,140,2024-08-04
466,LinkedIn,Live Session: Generative AI Governance Best Practices,webinar,3283,756,415,2024-07-06
467,LinkedIn,New Release: v4.0 introduces multi-cloud cost analytics,product_update,2762,1779,256,2024-06-22
468,Twitter,Urgent: Zero-Day mitigation strategy for AWS,alert,726,123,24,2024-12-19
469,Facebook,Urgent: Zero-Day mitigation strategy for Azure,alert,297,130,168,2024-06-29
470,LinkedIn,New Release: v3.2 introduces multi-cloud cost analytics,product_update,4751,1866,180,2024-08-03
471,Twitter,New Release: v4.0 introduces multi-cloud cost analytics,product_update,837,161,170,2024-11-25
472,LinkedIn,Case Study: Chan Inc achieved 60% API latency improvement,case_study,1801,460,277,2024-07-06
473,Facebook,Case Study: Martinez LLC achieved 62% fraud prevention,case_study,498,189,173,2025-03-28
474,LinkedIn,New Release: v4.0 introduces real-time threat detection,product_update,4606,361,425,2024-10-18
475,Facebook,AI-Driven Digital Transformation Whitepaper,whitepaper,391,110,31,2025-01-15
476,LinkedIn,AI-Driven Compliance Framework Whitepaper,whitepaper,4337,777,448,2024-08-12
477,Twitter,Case Study: Holder Group achieved 53% cost reduction,case_study,1339,177,153,2025-03-23
478,LinkedIn,Urgent: DDoS mitigation strategy for Azure,alert,272,498,182,2024-05-07
479,LinkedIn,Urgent: DDoS mitigation strategy for Azure,alert,4425,1030,225,2024-07-14
480,Twitter,New Release: v3.2 introduces real-time threat detection,product_update,365,44,300,2024-12-10
481,Twitter,Urgent: DDoS mitigation strategy for Azure,alert,1412,183,289,2024-11-01
482,Twitter,AI-Driven Compliance Framework Whitepaper,whitepaper,435,329,400,2025-01-05
483,Facebook,Live Session: Generative AI Governance Best Practices,webinar,532,34,136,2024-05-30
484,Facebook,Live Session: SOC2 Compliance Best Practices,webinar,966,34,87,2024-05-04
485,LinkedIn,Live Session: SOC2 Compliance Best Practices,webinar,4423,1731,160,2024-12-15
486,LinkedIn,Urgent: Zero-Day mitigation strategy for AWS,alert,3803,1781,335,2024-07-01
487,Facebook,Live Session: SOC2 Compliance Best Practices,webinar,721,52,79,2024-05-15
488,LinkedIn,New Release: v4.0 introduces real-time threat detection,product_update,2153,877,149,2025-01-30
489,Twitter,Case Study: Johnson-York achieved 70% API latency improvement,case_study,789,272,75,2024-10-02
490,Facebook,New Release: v4.0 introduces real-time threat detection,product_update,132,108,348,2025-02-25
491,LinkedIn,Case Study: Gonzales Inc achieved 46% API latency improvement,case_study,3765,982,99,2024-10-12
492,Twitter,Case Study: Whitaker-Luna achieved 43% API latency improvement,case_study,708,279,122,2025-03-16
493,LinkedIn,Case Study: Miller Ltd achieved 91% cost reduction,case_study,2348,1482,240,2024-08-04
494,Twitter,Live Session: SOC2 Compliance Best Practices,webinar,223,441,197,2024-04-19
495,LinkedIn,New Release: v4.0 introduces multi-cloud cost analytics,product_update,967,582,174,2025-01-30
496,LinkedIn,New Release: v3.2 introduces real-time threat detection,product_update,1749,554,105,2024-07-22
497,LinkedIn,"Case Study: Bowen, Chapman and Carter achieved 66% API latency improvement",case_study,4681,1697,424,2025-02-03
498,LinkedIn,Case Study: Baker Ltd achieved 62% cost reduction,case_study,2908,749,333,2024-04-27
499,Twitter,Live Session: SOC2 Compliance Best Practices,webinar,1000,84,232,2024-08-12
500,Facebook,Case Study: Walls and Sons achieved 92% API latency improvement,case_study,542,222,357,2024-06-09
